product,GALAXY_SOUNDS_BLACK_HOLES,GALAXY_SOUNDS_DARK_MATTER,GALAXY_SOUNDS_PLANETARY_RINGS,GALAXY_SOUNDS_SOLAR_FLAMES,GALAXY_SOUNDS_SOLAR_WINDS
GALAXY_SOUNDS_BLACK_HOLES,1.0,0.00011729105041213636,0.0012092325237969036,0.001939027445991387,0.008938789969845175
GALAXY_SOUNDS_DARK_MATTER,0.00011729105041213636,1.0,0.007448189795178302,0.0044948803438510775,-0.0013119173826885062
GALAXY_SOUNDS_PLANETARY_RINGS,0.0012092325237969036,0.007448189795178302,1.0,0.01297651966364223,0.00015732777647376253
GALAXY_SOUNDS_SOLAR_FLAMES,0.001939027445991387,0.0044948803438510775,0.01297651966364223,1.0,0.004020320285794624
GALAXY_SOUNDS_SOLAR_WINDS,0.008938789969845175,-0.0013119173826885062,0.00015732777647376253,0.004020320285794624,1.0
