product,GALAXY_SOUNDS_BLACK_HOLES,GALAXY_SOUNDS_DARK_MATTER,GALAXY_SOUNDS_PLANETARY_RINGS,GALAXY_SOUNDS_SOLAR_FLAMES,GALAXY_SOUNDS_SOLAR_WINDS
GALAXY_SOUNDS_BLACK_HOLES,1.0,0.0010432474566349067,8.249329976239839e-05,0.0006225281228597344,0.008582951889367104
GALAXY_SOUNDS_DARK_MATTER,0.0010432474566349067,1.0,0.006850583120718941,0.00444076691312744,-0.0019813207445355885
GALAXY_SOUNDS_PLANETARY_RINGS,8.249329976239839e-05,0.006850583120718941,1.0,0.011514092264721068,0.0008004830434651932
GALAXY_SOUNDS_SOLAR_FLAMES,0.0006225281228597344,0.00444076691312744,0.011514092264721068,1.0,0.004943230727313586
GALAXY_SOUNDS_SOLAR_WINDS,0.008582951889367104,-0.0019813207445355885,0.0008004830434651932,0.004943230727313586,1.0
