{
  "BLACK_HOLES": {
    "skew": 0.003322213562083261,
    "exc_kurt": 0.03843279681681766,
    "JB_pvalue": 0.3902981823311962
  },
  "DARK_MATTER": {
    "skew": -0.018449513127228888,
    "exc_kurt": -0.0106894157995856,
    "JB_pvalue": 0.3965578810153008
  },
  "PLANETARY_RINGS": {
    "skew": 0.01723308438274305,
    "exc_kurt": 0.008243534431002342,
    "JB_pvalue": 0.4571378145852939
  },
  "SOLAR_FLAMES": {
    "skew": 0.006324100561579212,
    "exc_kurt": -0.007080390216129384,
    "JB_pvalue": 0.8753880567659972
  },
  "SOLAR_WINDS": {
    "skew": 0.003139120828280977,
    "exc_kurt": 0.019030072342764548,
    "JB_pvalue": 0.7817993564964144
  }
}