{
  "BLACK_HOLES": {
    "acf_lag1": -0.01672478204342267,
    "acf_lag2": 0.002824154597204487,
    "LB_lag5_p": 0.5793561546302878,
    "LB_lag10_p": 0.7208558137146832,
    "LB_lag20_p": 0.569966520996419
  },
  "DARK_MATTER": {
    "acf_lag1": -0.011553211691761725,
    "acf_lag2": -0.0030955798863504143,
    "LB_lag5_p": 0.2588233483613984,
    "LB_lag10_p": 0.5039266720568397,
    "LB_lag20_p": 0.6326300669030971
  },
  "PLANETARY_RINGS": {
    "acf_lag1": -0.0030732576685443664,
    "acf_lag2": 0.0021287208463836313,
    "LB_lag5_p": 0.0055371635121191165,
    "LB_lag10_p": 0.02475511210302857,
    "LB_lag20_p": 0.06909187766261216
  },
  "SOLAR_FLAMES": {
    "acf_lag1": -0.011992592452081305,
    "acf_lag2": -0.00041047780108623974,
    "LB_lag5_p": 0.5326740028317792,
    "LB_lag10_p": 0.7200581129692077,
    "LB_lag20_p": 0.7213223704934375
  },
  "SOLAR_WINDS": {
    "acf_lag1": -0.007277631017980379,
    "acf_lag2": 0.0026011509044818627,
    "LB_lag5_p": 0.30263767641680295,
    "LB_lag10_p": 0.007857057018392783,
    "LB_lag20_p": 0.031198988173269316
  }
}