{
  "shape_prices_filtered": [
    150000,
    18
  ],
  "dtypes": {
    "day": "int64",
    "timestamp": "int64",
    "product": "object",
    "bid_price_1": "int64",
    "bid_volume_1": "int64",
    "bid_price_2": "float64",
    "bid_volume_2": "float64",
    "bid_price_3": "float64",
    "bid_volume_3": "float64",
    "ask_price_1": "int64",
    "ask_volume_1": "int64",
    "ask_price_2": "float64",
    "ask_volume_2": "float64",
    "ask_price_3": "float64",
    "ask_volume_3": "float64",
    "mid_price": "float64",
    "profit_and_loss": "float64",
    "t": "int64"
  },
  "missing_per_col": {
    "day": 0,
    "timestamp": 0,
    "product": 0,
    "bid_price_1": 0,
    "bid_volume_1": 0,
    "bid_price_2": 0,
    "bid_volume_2": 0,
    "bid_price_3": 147480,
    "bid_volume_3": 147480,
    "ask_price_1": 0,
    "ask_volume_1": 0,
    "ask_price_2": 0,
    "ask_volume_2": 0,
    "ask_price_3": 147535,
    "ask_volume_3": 147535,
    "mid_price": 0,
    "profit_and_loss": 0,
    "t": 0
  },
  "duplicate_keys": 0,
  "descriptives": {
    "BLACK_HOLES": {
      "n_ticks": 30000,
      "price_mean": 11466.872083333334,
      "price_std": 958.4446757040996,
      "price_min": 9608.5,
      "price_max": 14137.0,
      "price_skew": 0.49367773855508307,
      "price_kurt": -0.3758444619358916,
      "ret_mean": 9.89871257238339e-06,
      "ret_std": 0.000997398162300233,
      "ret_skew": 0.003322213562083261,
      "ret_kurt": 0.03843279681681766,
      "zero_price": 0,
      "missing_pct": 0.0
    },
    "DARK_MATTER": {
      "n_ticks": 30000,
      "price_mean": 10226.661816666667,
      "price_std": 330.7005163559388,
      "price_min": 9541.0,
      "price_max": 11186.0,
      "price_skew": 0.5755392425429727,
      "price_kurt": 0.0038136709998388696,
      "ret_mean": 8.702372440573929e-07,
      "ret_std": 0.0010015930260841757,
      "ret_skew": -0.018449513127228888,
      "ret_kurt": -0.0106894157995856,
      "zero_price": 0,
      "missing_pct": 0.0
    },
    "PLANETARY_RINGS": {
      "n_ticks": 30000,
      "price_mean": 10766.673183333334,
      "price_std": 765.8366934779476,
      "price_min": 9253.0,
      "price_max": 12182.0,
      "price_skew": -0.10232209696410481,
      "price_kurt": -1.075859908591225,
      "ret_mean": -1.1927940977956787e-06,
      "ret_std": 0.0010087837100992798,
      "ret_skew": 0.01723308438274305,
      "ret_kurt": 0.008243534431002342,
      "zero_price": 0,
      "missing_pct": 0.0
    },
    "SOLAR_FLAMES": {
      "n_ticks": 30000,
      "price_mean": 11092.5717,
      "price_std": 450.1504306778469,
      "price_min": 9837.5,
      "price_max": 12210.0,
      "price_skew": 0.18375623157676332,
      "price_kurt": -0.4613075096320123,
      "ret_mean": 2.636368089568418e-06,
      "ret_std": 0.0009995970041671576,
      "ret_skew": 0.006324100561579212,
      "ret_kurt": -0.007080390216129384,
      "zero_price": 0,
      "missing_pct": 0.0
    },
    "SOLAR_WINDS": {
      "n_ticks": 30000,
      "price_mean": 10437.543966666666,
      "price_std": 541.1107556639971,
      "price_min": 9320.0,
      "price_max": 11613.5,
      "price_skew": -0.07114677798918076,
      "price_kurt": -0.8525925127952259,
      "ret_mean": 8.149831795162604e-07,
      "ret_std": 0.0010086863398695402,
      "ret_skew": 0.003139120828280977,
      "ret_kurt": 0.019030072342764548,
      "zero_price": 0,
      "missing_pct": 0.0
    }
  }
}