{
  "pearson": {
    "GALAXY_SOUNDS_BLACK_HOLES": {
      "GALAXY_SOUNDS_BLACK_HOLES": 1.0,
      "GALAXY_SOUNDS_DARK_MATTER": 0.0,
      "GALAXY_SOUNDS_PLANETARY_RINGS": 0.001,
      "GALAXY_SOUNDS_SOLAR_FLAMES": 0.002,
      "GALAXY_SOUNDS_SOLAR_WINDS": 0.009
    },
    "GALAXY_SOUNDS_DARK_MATTER": {
      "GALAXY_SOUNDS_BLACK_HOLES": 0.0,
      "GALAXY_SOUNDS_DARK_MATTER": 1.0,
      "GALAXY_SOUNDS_PLANETARY_RINGS": 0.007,
      "GALAXY_SOUNDS_SOLAR_FLAMES": 0.004,
      "GALAXY_SOUNDS_SOLAR_WINDS": -0.001
    },
    "GALAXY_SOUNDS_PLANETARY_RINGS": {
      "GALAXY_SOUNDS_BLACK_HOLES": 0.001,
      "GALAXY_SOUNDS_DARK_MATTER": 0.007,
      "GALAXY_SOUNDS_PLANETARY_RINGS": 1.0,
      "GALAXY_SOUNDS_SOLAR_FLAMES": 0.013,
      "GALAXY_SOUNDS_SOLAR_WINDS": 0.0
    },
    "GALAXY_SOUNDS_SOLAR_FLAMES": {
      "GALAXY_SOUNDS_BLACK_HOLES": 0.002,
      "GALAXY_SOUNDS_DARK_MATTER": 0.004,
      "GALAXY_SOUNDS_PLANETARY_RINGS": 0.013,
      "GALAXY_SOUNDS_SOLAR_FLAMES": 1.0,
      "GALAXY_SOUNDS_SOLAR_WINDS": 0.004
    },
    "GALAXY_SOUNDS_SOLAR_WINDS": {
      "GALAXY_SOUNDS_BLACK_HOLES": 0.009,
      "GALAXY_SOUNDS_DARK_MATTER": -0.001,
      "GALAXY_SOUNDS_PLANETARY_RINGS": 0.0,
      "GALAXY_SOUNDS_SOLAR_FLAMES": 0.004,
      "GALAXY_SOUNDS_SOLAR_WINDS": 1.0
    }
  },
  "rolling_stats": {
    "BLACK_HOLES__DARK_MATTER": {
      "mean_abs": 0.11172582170213777,
      "std": 0.13866276927229246,
      "mean": 0.00056510138148854
    },
    "BLACK_HOLES__PLANETARY_RINGS": {
      "mean_abs": 0.11645274747565577,
      "std": 0.14547084867007395,
      "mean": 0.001781827857061831
    },
    "BLACK_HOLES__SOLAR_FLAMES": {
      "mean_abs": 0.11041572961994127,
      "std": 0.1387867469433799,
      "mean": 0.001772458537453831
    },
    "BLACK_HOLES__SOLAR_WINDS": {
      "mean_abs": 0.11643199301741157,
      "std": 0.14352035352469356,
      "mean": 0.009712803608535821
    },
    "DARK_MATTER__PLANETARY_RINGS": {
      "mean_abs": 0.11759080837845223,
      "std": 0.14661086199158538,
      "mean": 0.00829906079161893
    },
    "DARK_MATTER__SOLAR_FLAMES": {
      "mean_abs": 0.11424587068697203,
      "std": 0.14229823343175843,
      "mean": 0.004440317421223904
    },
    "DARK_MATTER__SOLAR_WINDS": {
      "mean_abs": 0.11244697546293522,
      "std": 0.14034933822982051,
      "mean": -0.0006777735961540912
    },
    "PLANETARY_RINGS__SOLAR_FLAMES": {
      "mean_abs": 0.11565443789495956,
      "std": 0.14346246780982955,
      "mean": 0.01431526133336938
    },
    "PLANETARY_RINGS__SOLAR_WINDS": {
      "mean_abs": 0.11532452833166001,
      "std": 0.1444630369683427,
      "mean": 0.00026152336950503025
    },
    "SOLAR_FLAMES__SOLAR_WINDS": {
      "mean_abs": 0.11205917505346143,
      "std": 0.14177239904763378,
      "mean": 0.005525357995761863
    }
  }
}