{
  "BLACK_HOLES": 1.0106847782619357,
  "DARK_MATTER": 0.9943135862339008,
  "PLANETARY_RINGS": 1.009701602721578,
  "SOLAR_FLAMES": 1.012490545149305,
  "SOLAR_WINDS": 1.0031702161076912
}