name,day,Sharpe,TotPnL,WinRate,NTrades,VERDICT
H1_momentum_LAMB_WOOL,-1,0.010356373975260309,2085.0,0.483,28942.0,FAIL
H2_pairs_SUEDE_basket,-1,-0.04444344865664211,-9884.285202399114,0.2551,15437.0,FAIL
H3_pairs_LAMB_WOOL_NYLON,-1,0.008970646940376614,1307.1954577882843,0.2287,13682.0,FAIL
H4_leadlag_NYLON_COTTON_K3_M5_th0.5,-1,0.14744402551785157,25245.0,0.29796666666666666,17606.0,FAIL
H5_MM_total,-1,,327951.0,,,PASS
