product,mean,std,min,max,range,cv
SLEEP_POD_COTTON,11527.613966666666,887.6928912357968,9838.5,13529.5,3691.0,0.07700577880233118
SLEEP_POD_LAMB_WOOL,10701.441716666666,413.1690492403354,9813.5,12036.0,2222.5,0.03860872770038608
SLEEP_POD_NYLON,9636.472566666667,508.72853527675545,8546.0,11023.0,2477.0,0.05279198708420427
SLEEP_POD_POLYESTER,11840.56095,977.5395385925533,9686.5,13437.0,3750.5,0.08255854960930321
SLEEP_POD_SUEDE,11397.420433333333,899.9464721068493,9596.5,12736.5,3140.0,0.07896054000735389
