product,SLEEP_POD_COTTON,SLEEP_POD_LAMB_WOOL,SLEEP_POD_NYLON,SLEEP_POD_POLYESTER,SLEEP_POD_SUEDE
SLEEP_POD_COTTON,1.0,-0.0031023590536777717,0.006004488565111069,-0.007582212410956417,-0.00016561192238326577
SLEEP_POD_LAMB_WOOL,-0.0031023590536777717,1.0,0.0037827640258461534,0.008978939650088514,0.0064834343498828325
SLEEP_POD_NYLON,0.006004488565111069,0.0037827640258461534,1.0,0.0013357667994628457,0.0070070558661705406
SLEEP_POD_POLYESTER,-0.007582212410956417,0.008978939650088514,0.0013357667994628457,1.0,0.005275860277730897
SLEEP_POD_SUEDE,-0.00016561192238326577,0.0064834343498828325,0.0070070558661705406,0.005275860277730897,1.0
