r<=k,trace_stat,cv_95,reject_null
r<=0,51.12926460888858,69.8189,False
r<=1,29.133913273856972,47.8545,False
r<=2,15.724297857286633,29.7961,False
r<=3,8.0885266460126,15.4943,False
r<=4,3.0002050656323425,3.8415,False
