,PC1,PC2,PC3,PC4,PC5
PANEL_1X2,-0.3956024678098719,0.300171397103193,0.8283288268732979,-0.10450385996949983,0.23737337181334725
PANEL_2X2,0.5777437187245603,-0.1021047727221086,0.06163406465526856,-0.4046123119248799,0.6987681518032691
PANEL_1X4,0.5218672216719794,0.24645695213183633,0.24863092309968166,0.7771948529319905,0.03262511831206693
PANEL_2X4,-0.3890604288653855,-0.6284084926481328,-0.04308077491210258,0.45347085944698007,0.49622875322191234
PANEL_4X4,-0.2932532498924897,0.6662082893975958,-0.49638624835540035,0.12530028131938598,0.4561464441496347
