panel,resid_mean,resid_std,resid_abs_max
PANEL_4X4,-5.002220859751106e-16,0.884793517753087,2.2374615436939607
PANEL_2X4,1.1217101321866114e-15,0.7859872833741939,1.922650562561588
PANEL_1X2,9.094947017729283e-16,0.7776970097997257,2.2854959123484315
PANEL_1X4,3.334813906500737e-16,0.5588073925057266,1.590970521302871
PANEL_2X2,7.654913739922146e-16,0.39636104335219263,1.471469675041026
