PC,eigenvalue,explained_var,cum_explained
PC1,2.5253506758645607,0.5050532995033858,0.5050532995033858
PC2,1.2822147739496967,0.2564344066922821,0.761487706195668
PC3,0.6930530938394279,0.1386059984143784,0.9000937046100463
PC4,0.3167803594307196,0.06335396001728753,0.9634476646273339
PC5,0.1827677691217062,0.03655233537266623,1.0000000000000002
