product,TRANSLATOR_ASTRO_BLACK,TRANSLATOR_ECLIPSE_CHARCOAL,TRANSLATOR_GRAPHITE_MIST,TRANSLATOR_SPACE_GRAY,TRANSLATOR_VOID_BLUE
TRANSLATOR_ASTRO_BLACK,1.0,0.0037164566545705604,-0.0035478050564810427,0.008468101388753133,0.004818162175996352
TRANSLATOR_ECLIPSE_CHARCOAL,0.0037164566545705604,1.0,0.006778076777063908,0.010201245133880653,-0.004734953877615372
TRANSLATOR_GRAPHITE_MIST,-0.0035478050564810427,0.006778076777063908,1.0,-0.0015492454302049178,0.017530303814051858
TRANSLATOR_SPACE_GRAY,0.008468101388753133,0.010201245133880653,-0.0015492454302049178,1.0,0.002890727009512438
TRANSLATOR_VOID_BLUE,0.004818162175996352,-0.004734953877615372,0.017530303814051858,0.002890727009512438,1.0
