sum_mean,sum_std,sum_min,sum_max,cv
48809.635883333336,807.8279002823574,46581.0,50535.5,0.016550582393469574
