product,ROBOT_DISHES,ROBOT_IRONING,ROBOT_LAUNDRY,ROBOT_MOPPING,ROBOT_VACUUMING
ROBOT_DISHES,1.0,0.0007730391885814484,0.0013018950310557987,-0.005901352071590118,0.0059206355267191965
ROBOT_IRONING,0.0007730391885814484,1.0,-0.009019964169387589,-0.00031380601964441156,0.013828782579460833
ROBOT_LAUNDRY,0.0013018950310557987,-0.009019964169387589,1.0,-0.009581517901859753,-0.0013623990012188965
ROBOT_MOPPING,-0.005901352071590118,-0.00031380601964441156,-0.009581517901859753,1.0,-0.0039010788187236055
ROBOT_VACUUMING,0.0059206355267191965,0.013828782579460833,-0.0013623990012188965,-0.0039010788187236055,1.0
