pair,global_mean,global_std,drift_max_z,drift_avg_z,vol_ratio
ROBOT_LAUNDRY|ROBOT_VACUUMING|spread,655.9859166666666,382.17097532623507,1.9149461382006072,0.7149552787141179,4.44639527848895
ROBOT_DISHES|ROBOT_VACUUMING|sum,19185.090683333332,432.75350990859795,1.5468983335911493,0.6520355606252258,7.29398280222489
ROBOT_DISHES|ROBOT_LAUNDRY|sum,19841.0766,438.8114619618297,1.6315112800364246,0.7173508566710236,4.370550616895155
ROBOT_IRONING|ROBOT_MOPPING|sum,19801.7835,467.6081584768161,1.6622961680822328,0.7039067288091947,4.502622453382893
ROBOT_LAUNDRY|ROBOT_MOPPING|sum,20922.974933333335,541.6903640180535,2.344850307553802,0.710848724156825,5.663715990244887
ROBOT_MOPPING|ROBOT_VACUUMING|sum,20266.989016666666,479.09386319595535,1.9476449989195872,0.7079429419913685,4.899081891980306
