leg,frac_idle,frac_1pair,frac_2pairs,frac_3+,max,mean_when_active
ROBOT_DISHES,0.364,0.3817333333333333,0.25426666666666664,0.0,2,1.39979035639413
ROBOT_IRONING,0.5806,0.4194,0.0,0.0,1,1.0
ROBOT_LAUNDRY,0.17363333333333333,0.27846666666666664,0.4649,0.083,3,1.7634625468920173
ROBOT_MOPPING,0.3021333333333333,0.20876666666666666,0.3321,0.157,3,1.9258215513947268
ROBOT_VACUUMING,0.13863333333333333,0.3893333333333333,0.3032666666666667,0.16876666666666668,3,1.7439340582794784
