pair,vol_ratio_p10,vol_ratio_p50,vol_ratio_p90,vol_ratio_p99
ROBOT_LAUNDRY|ROBOT_VACUUMING|spread,0.2053413823055762,0.45617009222520466,0.7978748899411249,1.5116947930371945
ROBOT_DISHES|ROBOT_VACUUMING|sum,0.193251144392061,0.36130251891863946,0.6537302965698127,0.9575382245384807
ROBOT_DISHES|ROBOT_LAUNDRY|sum,0.22443499856836557,0.4011750997887847,0.8101002850299361,1.0821136949521057
ROBOT_IRONING|ROBOT_MOPPING|sum,0.18858651665116483,0.3315734257991559,0.5717137178209415,0.8385831500638795
ROBOT_LAUNDRY|ROBOT_MOPPING|sum,0.1673126767812237,0.31376436491580156,0.6084738522684108,0.8717253256723746
ROBOT_MOPPING|ROBOT_VACUUMING|sum,0.19232395960926213,0.3293630803198649,0.577311715978596,1.3154013043121608
