product,mean,std,min,max,range,cv
PEBBLES_XS,7404.639766666666,1449.5468391477586,5052.5,10496.0,5443.5,0.19576196612199254
PEBBLES_S,8932.356733333334,833.282140571558,6784.5,10687.0,3902.5,0.09328804988967315
PEBBLES_M,10263.243183333334,687.8172305113358,8388.5,11505.0,3116.5,0.06701753219959697
PEBBLES_L,10174.110583333333,622.3316487230582,8632.5,11733.5,3101.0,0.06116816242812689
PEBBLES_XL,13225.589316666666,1776.545921175285,9188.0,17240.0,8052.0,0.13432640910273175
