product,PEBBLES_XS,PEBBLES_S,PEBBLES_M,PEBBLES_L,PEBBLES_XL
PEBBLES_XS,1.0,-0.005398641083675479,0.01562888967639292,0.005035218318497119,-0.47514289315572733
PEBBLES_S,-0.005398641083675479,1.0,0.011595935232158546,0.006460006502090778,-0.48292574273363403
PEBBLES_M,0.01562888967639292,0.011595935232158546,1.0,0.011082699802246413,-0.5059330469580491
PEBBLES_L,0.005035218318497119,0.006460006502090778,0.011082699802246413,1.0,-0.49316247752966
PEBBLES_XL,-0.47514289315572733,-0.48292574273363403,-0.5059330469580491,-0.49316247752966,1.0
