product,PEBBLES_XS,PEBBLES_S,PEBBLES_M,PEBBLES_L,PEBBLES_XL
PEBBLES_XS,1.0,0.7982724958895946,-0.6940755442783507,-0.2685514070883033,-0.8275696574563156
PEBBLES_S,0.7982724958895946,1.0,-0.6157137748934276,-0.1360291108623219,-0.8343570524569902
PEBBLES_M,-0.6940755442783507,-0.6157137748934276,1.0,0.33538756733036784,0.3504702680300068
PEBBLES_L,-0.2685514070883033,-0.1360291108623219,0.33538756733036784,1.0,-0.19722524209641604
PEBBLES_XL,-0.8275696574563156,-0.8343570524569902,0.3504702680300068,-0.19722524209641604,1.0
