a,b,peak_lag,peak_corr
PEBBLES_XS,PEBBLES_S,30,-0.016357976140120405
PEBBLES_XS,PEBBLES_M,-17,-0.017442795643664567
PEBBLES_XS,PEBBLES_L,19,0.014151390265752385
PEBBLES_XS,PEBBLES_XL,0,-0.4751428931557295
PEBBLES_S,PEBBLES_M,-28,-0.016245463715851637
PEBBLES_S,PEBBLES_L,14,0.011439080700830313
PEBBLES_S,PEBBLES_XL,0,-0.4829257427336341
PEBBLES_M,PEBBLES_L,-9,0.014658955544787623
PEBBLES_M,PEBBLES_XL,0,-0.5059330469580497
PEBBLES_L,PEBBLES_XL,0,-0.4931624775296591
