r<=k,trace_stat,cv_95,reject_null
r<=0,12235.133192675708,69.8189,True
r<=1,28.517861722707764,47.8545,False
r<=2,15.695762777127978,29.7961,False
r<=3,5.819298946412583,15.4943,False
r<=4,2.7328527064984907,3.8415,False
