product,SNACKPACK_CHOCOLATE,SNACKPACK_PISTACHIO,SNACKPACK_RASPBERRY,SNACKPACK_STRAWBERRY,SNACKPACK_VANILLA
SNACKPACK_CHOCOLATE,1.0,0.024666325699209263,0.03076207462110368,0.017023879125796327,-0.9151935656234247
SNACKPACK_PISTACHIO,0.024666325699209263,1.0,-0.8306674984443154,0.9125588756274722,0.03999570442627717
SNACKPACK_RASPBERRY,0.03076207462110368,-0.8306674984443154,1.0,-0.9231702761680852,0.014456039313408227
SNACKPACK_STRAWBERRY,0.017023879125796327,0.9125588756274722,-0.9231702761680852,1.0,0.03070401804080466
SNACKPACK_VANILLA,-0.9151935656234247,0.03999570442627717,0.014456039313408227,0.03070401804080466,1.0
