product,SNACKPACK_CHOCOLATE,SNACKPACK_PISTACHIO,SNACKPACK_RASPBERRY,SNACKPACK_STRAWBERRY,SNACKPACK_VANILLA
SNACKPACK_CHOCOLATE,1.0,0.021637245447515507,0.027383331751607374,0.014851323032567953,-0.9112374490524521
SNACKPACK_PISTACHIO,0.021637245447515507,1.0,-0.8230948279090374,0.9059439829248086,0.0361586287431366
SNACKPACK_RASPBERRY,0.027383331751607374,-0.8230948279090374,1.0,-0.9189307898511901,0.013229104369772388
SNACKPACK_STRAWBERRY,0.014851323032567953,0.9059439829248086,-0.9189307898511901,1.0,0.029100525335192882
SNACKPACK_VANILLA,-0.9112374490524521,0.0361586287431366,0.013229104369772388,0.029100525335192882,1.0
