,n,mean_mid,std_mid,min,max,range,ret_std,ret_skew,ret_kurt,spread_mean,spread_p50,spread_p90,trade_vol_total
UV_VISOR_AMBER,30000,7911.69625,996.9175843150733,6488.5,10035.5,3547.0,0.0010060609277717444,-0.008276705887277042,-0.0193543206265141,10.3205,10.0,12.0,1805.0
UV_VISOR_MAGENTA,30000,11111.7929,613.5541254296568,9726.5,12380.0,2653.5,0.0010070218257212517,0.008991926973825814,0.050315903738467505,14.0916,14.0,15.0,1805.0
UV_VISOR_ORANGE,30000,10426.506216666667,550.6034484317491,9322.5,11606.5,2284.0,0.0010023176792192633,-0.0284657456043648,0.010485414952122518,13.2841,13.0,14.0,1805.0
UV_VISOR_RED,30000,11063.293583333334,587.7153752704087,9916.5,12471.0,2554.5,0.000995600880978671,-0.003365399275568975,-0.032455358949014634,14.039433333333333,14.0,15.0,1805.0
UV_VISOR_YELLOW,30000,10957.46075,681.808049447678,9733.5,12294.0,2560.5,0.001002437433190403,0.00192525521029422,0.014355147721501371,13.909966666666667,14.0,15.0,1805.0
