product,UV_VISOR_AMBER,UV_VISOR_MAGENTA,UV_VISOR_ORANGE,UV_VISOR_RED,UV_VISOR_YELLOW
UV_VISOR_AMBER,1.0,0.006225837759935425,0.0043133822290578015,-0.001160555790044248,-0.002399032263394083
UV_VISOR_MAGENTA,0.006225837759935425,1.0,0.006621223887172731,0.005335356478126412,0.009355348329777238
UV_VISOR_ORANGE,0.0043133822290578015,0.006621223887172731,1.0,0.019568925183549774,0.004288057689953867
UV_VISOR_RED,-0.001160555790044248,0.005335356478126412,0.019568925183549774,1.0,0.008169177401628851
UV_VISOR_YELLOW,-0.002399032263394083,0.009355348329777238,0.004288057689953867,0.008169177401628851,1.0
