target,intercept,b_MAGENTA,b_ORANGE,b_RED,b_YELLOW,r2,resid_std,resid_p99,b_AMBER
AMBER,31353.284613317748,-0.9697631823187595,-0.3846906515401014,-0.6172586641501508,-0.16663417491329316,0.8963536556978277,320.9438163118693,815.802895823536,
MAGENTA,19824.977653006394,,-0.06530299043059959,-0.28742090956672456,0.03123027546966367,0.8147361484417052,264.0833293041973,647.2585742745922,-0.6565830090431002
ORANGE,19557.759026743588,-0.1340781456611036,,-0.17133858217676226,-0.13825840037194612,0.5276721855071578,378.4020227398624,1189.8363869978089,-0.5347619596578589
RED,27273.01914153334,-0.4688981037294844,-0.13614144639907372,,-0.38200675794158007,0.6706008593689011,337.3036533040855,884.7795745702787,-0.6817909932714753
YELLOW,25282.300294004235,0.11655514285509463,-0.2513172092262951,-0.87390969012722,,0.44007761894135056,510.1745610915147,1133.9143959768671,-0.4210596736811551
