a,b,best_lag,max_abs_corr
ORANGE,RED,0,0.019568925183549763
AMBER,ORANGE,-9,0.015464493483535128
AMBER,YELLOW,13,0.010300037927951753
MAGENTA,ORANGE,4,-0.010924868669869619
RED,YELLOW,16,-0.011702098855312133
AMBER,MAGENTA,3,-0.013390304428707471
MAGENTA,YELLOW,-14,-0.013682361015870755
ORANGE,YELLOW,2,-0.014500003625943494
MAGENTA,RED,8,-0.015465429747229678
AMBER,RED,-19,-0.015875266188893806
