sym,spread_mean,spread_p50,spread_p90,spread_p99,frac_spread_eq_1,frac_spread_ge_2,frac_spread_ge_3,frac_spread_ge_4,frac_spread_ge_5
AMBER,10.3205,10.0,12.0,13.0,0.0,1.0,1.0,1.0,0.9926333333333334
MAGENTA,14.0916,14.0,15.0,16.0,0.0,1.0,1.0,1.0,1.0
ORANGE,13.2841,13.0,14.0,15.0,0.0,1.0,1.0,1.0,1.0
RED,14.039433333333333,14.0,15.0,16.0,0.0,1.0,1.0,1.0,1.0
YELLOW,13.909966666666667,14.0,15.0,16.0,0.0,1.0,1.0,1.0,1.0
